[
    {
        "date": "2024-08-29",
        "condition": "available",
        "last_modified_date": "2024-09-13"
    },
    {
        "date": "2024-08-30",
        "condition": "available",
        "last_modified_date": "2024-09-13"
    },
    {
        "date": "2024-09-01",
        "condition": "available",
        "last_modified_date": "2024-09-02"
    },
    {
        "date": "2024-09-02",
        "condition": "available",
        "last_modified_date": "2024-09-03"
    },
    {
        "date": "2024-09-03",
        "condition": "available",
        "last_modified_date": "2024-09-04"
    },
    {
        "date": "2024-09-04",
        "condition": "available",
        "last_modified_date": "2024-09-06"
    },
    {
        "date": "2024-09-05",
        "condition": "available",
        "last_modified_date": "2024-09-06"
    },
    {
        "date": "2024-09-06",
        "condition": "available",
        "last_modified_date": "2024-09-07"
    },
    {
        "date": "2024-09-08",
        "condition": "available",
        "last_modified_date": "2024-09-09"
    },
    {
        "date": "2024-09-09",
        "condition": "available",
        "last_modified_date": "2024-09-11"
    },
    {
        "date": "2024-09-10",
        "condition": "available",
        "last_modified_date": "2024-09-11"
    },
    {
        "date": "2024-09-11",
        "condition": "available",
        "last_modified_date": "2024-09-12"
    },
    {
        "date": "2024-09-12",
        "condition": "available",
        "last_modified_date": "2024-09-13"
    },
    {
        "date": "2024-09-13",
        "condition": "available",
        "last_modified_date": "2024-09-14"
    },
    {
        "date": "2024-09-15",
        "condition": "available",
        "last_modified_date": "2024-09-16"
    },
    {
        "date": "2024-09-16",
        "condition": "available",
        "last_modified_date": "2024-09-17"
    },
    {
        "date": "2024-09-17",
        "condition": "available",
        "last_modified_date": "2024-09-18"
    },
    {
        "date": "2024-09-18",
        "condition": "available",
        "last_modified_date": "2024-09-20"
    },
    {
        "date": "2024-09-19",
        "condition": "available",
        "last_modified_date": "2024-09-20"
    },
    {
        "date": "2024-09-20",
        "condition": "available",
        "last_modified_date": "2024-09-21"
    },
    {
        "date": "2024-09-22",
        "condition": "available",
        "last_modified_date": "2024-09-23"
    },
    {
        "date": "2024-09-23",
        "condition": "available",
        "last_modified_date": "2024-09-24"
    },
    {
        "date": "2024-09-24",
        "condition": "available",
        "last_modified_date": "2024-09-25"
    },
    {
        "date": "2024-09-25",
        "condition": "available",
        "last_modified_date": "2024-09-26"
    },
    {
        "date": "2024-09-26",
        "condition": "available",
        "last_modified_date": "2024-09-27"
    },
    {
        "date": "2024-09-27",
        "condition": "available",
        "last_modified_date": "2024-09-28"
    },
    {
        "date": "2024-09-29",
        "condition": "available",
        "last_modified_date": "2024-09-30"
    },
    {
        "date": "2024-09-30",
        "condition": "available",
        "last_modified_date": "2024-10-01"
    },
    {
        "date": "2024-10-01",
        "condition": "available",
        "last_modified_date": "2024-10-02"
    },
    {
        "date": "2024-10-02",
        "condition": "available",
        "last_modified_date": "2024-10-03"
    },
    {
        "date": "2024-10-03",
        "condition": "available",
        "last_modified_date": "2024-10-04"
    },
    {
        "date": "2024-10-04",
        "condition": "available",
        "last_modified_date": "2024-10-05"
    },
    {
        "date": "2024-10-06",
        "condition": "available",
        "last_modified_date": "2024-10-07"
    },
    {
        "date": "2024-10-07",
        "condition": "available",
        "last_modified_date": "2024-10-08"
    },
    {
        "date": "2024-10-08",
        "condition": "available",
        "last_modified_date": "2024-10-09"
    },
    {
        "date": "2024-10-09",
        "condition": "available",
        "last_modified_date": "2024-10-10"
    },
    {
        "date": "2024-10-10",
        "condition": "available",
        "last_modified_date": "2024-10-11"
    },
    {
        "date": "2024-10-11",
        "condition": "available",
        "last_modified_date": "2024-10-12"
    },
    {
        "date": "2024-10-13",
        "condition": "available",
        "last_modified_date": "2024-10-14"
    },
    {
        "date": "2024-10-14",
        "condition": "available",
        "last_modified_date": "2024-10-15"
    },
    {
        "date": "2024-10-15",
        "condition": "available",
        "last_modified_date": "2024-10-16"
    },
    {
        "date": "2024-10-16",
        "condition": "available",
        "last_modified_date": "2024-10-17"
    },
    {
        "date": "2024-10-17",
        "condition": "available",
        "last_modified_date": "2024-10-18"
    },
    {
        "date": "2024-10-18",
        "condition": "available",
        "last_modified_date": "2024-10-19"
    },
    {
        "date": "2024-10-20",
        "condition": "available",
        "last_modified_date": "2024-10-21"
    },
    {
        "date": "2024-10-21",
        "condition": "available",
        "last_modified_date": "2024-10-22"
    },
    {
        "date": "2024-10-22",
        "condition": "available",
        "last_modified_date": "2024-10-23"
    },
    {
        "date": "2024-10-23",
        "condition": "available",
        "last_modified_date": "2024-10-24"
    },
    {
        "date": "2024-10-24",
        "condition": "available",
        "last_modified_date": "2024-10-25"
    },
    {
        "date": "2024-10-25",
        "condition": "available",
        "last_modified_date": "2024-10-26"
    },
    {
        "date": "2024-10-27",
        "condition": "available",
        "last_modified_date": "2024-10-28"
    },
    {
        "date": "2024-10-28",
        "condition": "available",
        "last_modified_date": "2024-10-29"
    },
    {
        "date": "2024-10-29",
        "condition": "available",
        "last_modified_date": "2024-10-30"
    },
    {
        "date": "2024-10-30",
        "condition": "available",
        "last_modified_date": "2024-10-31"
    },
    {
        "date": "2024-10-31",
        "condition": "available",
        "last_modified_date": "2024-11-01"
    },
    {
        "date": "2024-11-01",
        "condition": "available",
        "last_modified_date": "2024-11-02"
    },
    {
        "date": "2024-11-03",
        "condition": "available",
        "last_modified_date": "2024-11-04"
    },
    {
        "date": "2024-11-04",
        "condition": "available",
        "last_modified_date": "2024-11-05"
    },
    {
        "date": "2024-11-05",
        "condition": "available",
        "last_modified_date": "2024-11-06"
    },
    {
        "date": "2024-11-06",
        "condition": "available",
        "last_modified_date": "2024-11-07"
    },
    {
        "date": "2024-11-07",
        "condition": "available",
        "last_modified_date": "2024-11-08"
    },
    {
        "date": "2024-11-08",
        "condition": "available",
        "last_modified_date": "2024-12-14"
    },
    {
        "date": "2024-11-10",
        "condition": "available",
        "last_modified_date": "2024-11-11"
    },
    {
        "date": "2024-11-11",
        "condition": "available",
        "last_modified_date": "2024-11-12"
    },
    {
        "date": "2024-11-12",
        "condition": "available",
        "last_modified_date": "2024-11-13"
    },
    {
        "date": "2024-11-13",
        "condition": "available",
        "last_modified_date": "2024-11-14"
    },
    {
        "date": "2024-11-14",
        "condition": "available",
        "last_modified_date": "2024-11-15"
    },
    {
        "date": "2024-11-15",
        "condition": "available",
        "last_modified_date": "2024-11-16"
    },
    {
        "date": "2024-11-17",
        "condition": "available",
        "last_modified_date": "2024-11-18"
    },
    {
        "date": "2024-11-18",
        "condition": "available",
        "last_modified_date": "2024-11-19"
    },
    {
        "date": "2024-11-19",
        "condition": "available",
        "last_modified_date": "2024-11-20"
    },
    {
        "date": "2024-11-20",
        "condition": "available",
        "last_modified_date": "2024-11-21"
    },
    {
        "date": "2024-11-21",
        "condition": "available",
        "last_modified_date": "2024-11-22"
    },
    {
        "date": "2024-11-22",
        "condition": "available",
        "last_modified_date": "2024-11-23"
    },
    {
        "date": "2024-11-24",
        "condition": "available",
        "last_modified_date": "2024-11-25"
    },
    {
        "date": "2024-11-25",
        "condition": "available",
        "last_modified_date": "2024-11-26"
    },
    {
        "date": "2024-11-26",
        "condition": "available",
        "last_modified_date": "2024-11-27"
    },
    {
        "date": "2024-11-27",
        "condition": "available",
        "last_modified_date": "2024-11-28"
    },
    {
        "date": "2024-11-28",
        "condition": "available",
        "last_modified_date": "2024-11-29"
    },
    {
        "date": "2024-11-29",
        "condition": "available",
        "last_modified_date": "2024-11-30"
    },
    {
        "date": "2024-12-01",
        "condition": "available",
        "last_modified_date": "2024-12-02"
    },
    {
        "date": "2024-12-02",
        "condition": "available",
        "last_modified_date": "2024-12-03"
    },
    {
        "date": "2024-12-03",
        "condition": "available",
        "last_modified_date": "2024-12-04"
    },
    {
        "date": "2024-12-04",
        "condition": "available",
        "last_modified_date": "2024-12-05"
    },
    {
        "date": "2024-12-05",
        "condition": "available",
        "last_modified_date": "2024-12-06"
    },
    {
        "date": "2024-12-06",
        "condition": "available",
        "last_modified_date": "2024-12-10"
    },
    {
        "date": "2024-12-08",
        "condition": "available",
        "last_modified_date": "2024-12-09"
    },
    {
        "date": "2024-12-09",
        "condition": "available",
        "last_modified_date": "2024-12-10"
    },
    {
        "date": "2024-12-10",
        "condition": "available",
        "last_modified_date": "2024-12-11"
    },
    {
        "date": "2024-12-11",
        "condition": "available",
        "last_modified_date": "2024-12-12"
    },
    {
        "date": "2024-12-12",
        "condition": "available",
        "last_modified_date": "2024-12-13"
    },
    {
        "date": "2024-12-13",
        "condition": "available",
        "last_modified_date": "2024-12-14"
    },
    {
        "date": "2024-12-15",
        "condition": "available",
        "last_modified_date": "2024-12-16"
    },
    {
        "date": "2024-12-16",
        "condition": "available",
        "last_modified_date": "2024-12-17"
    },
    {
        "date": "2024-12-17",
        "condition": "available",
        "last_modified_date": "2024-12-18"
    },
    {
        "date": "2024-12-18",
        "condition": "available",
        "last_modified_date": "2024-12-19"
    },
    {
        "date": "2024-12-19",
        "condition": "available",
        "last_modified_date": "2024-12-20"
    },
    {
        "date": "2024-12-20",
        "condition": "available",
        "last_modified_date": "2024-12-21"
    },
    {
        "date": "2024-12-22",
        "condition": "available",
        "last_modified_date": "2024-12-23"
    },
    {
        "date": "2024-12-23",
        "condition": "available",
        "last_modified_date": "2024-12-24"
    },
    {
        "date": "2024-12-24",
        "condition": "available",
        "last_modified_date": "2024-12-25"
    },
    {
        "date": "2024-12-25",
        "condition": "available",
        "last_modified_date": "2024-12-26"
    },
    {
        "date": "2024-12-26",
        "condition": "available",
        "last_modified_date": "2024-12-27"
    },
    {
        "date": "2024-12-27",
        "condition": "available",
        "last_modified_date": "2024-12-28"
    },
    {
        "date": "2024-12-29",
        "condition": "available",
        "last_modified_date": "2024-12-30"
    },
    {
        "date": "2024-12-30",
        "condition": "available",
        "last_modified_date": "2024-12-31"
    },
    {
        "date": "2024-12-31",
        "condition": "available",
        "last_modified_date": "2025-01-01"
    },
    {
        "date": "2025-01-01",
        "condition": "available",
        "last_modified_date": "2025-01-02"
    },
    {
        "date": "2025-01-02",
        "condition": "available",
        "last_modified_date": "2025-01-03"
    },
    {
        "date": "2025-01-03",
        "condition": "available",
        "last_modified_date": "2025-01-04"
    },
    {
        "date": "2025-01-05",
        "condition": "available",
        "last_modified_date": "2025-01-06"
    },
    {
        "date": "2025-01-06",
        "condition": "available",
        "last_modified_date": "2025-01-07"
    },
    {
        "date": "2025-01-07",
        "condition": "available",
        "last_modified_date": "2025-01-08"
    },
    {
        "date": "2025-01-08",
        "condition": "available",
        "last_modified_date": "2025-01-09"
    },
    {
        "date": "2025-01-09",
        "condition": "available",
        "last_modified_date": "2025-01-10"
    },
    {
        "date": "2025-01-10",
        "condition": "available",
        "last_modified_date": "2025-01-11"
    },
    {
        "date": "2025-01-12",
        "condition": "available",
        "last_modified_date": "2025-01-13"
    },
    {
        "date": "2025-01-13",
        "condition": "available",
        "last_modified_date": "2025-01-14"
    },
    {
        "date": "2025-01-14",
        "condition": "available",
        "last_modified_date": "2025-01-15"
    },
    {
        "date": "2025-01-15",
        "condition": "available",
        "last_modified_date": "2025-01-16"
    },
    {
        "date": "2025-01-16",
        "condition": "available",
        "last_modified_date": "2025-01-17"
    },
    {
        "date": "2025-01-17",
        "condition": "available",
        "last_modified_date": "2025-01-18"
    },
    {
        "date": "2025-01-19",
        "condition": "available",
        "last_modified_date": "2025-01-20"
    },
    {
        "date": "2025-01-20",
        "condition": "available",
        "last_modified_date": "2025-01-21"
    },
    {
        "date": "2025-01-21",
        "condition": "available",
        "last_modified_date": "2025-01-22"
    },
    {
        "date": "2025-01-22",
        "condition": "available",
        "last_modified_date": "2025-01-23"
    },
    {
        "date": "2025-01-23",
        "condition": "available",
        "last_modified_date": "2025-01-24"
    },
    {
        "date": "2025-01-24",
        "condition": "available",
        "last_modified_date": "2025-01-25"
    },
    {
        "date": "2025-01-26",
        "condition": "available",
        "last_modified_date": "2025-01-27"
    },
    {
        "date": "2025-01-27",
        "condition": "available",
        "last_modified_date": "2025-01-29"
    },
    {
        "date": "2025-01-28",
        "condition": "available",
        "last_modified_date": "2025-01-29"
    },
    {
        "date": "2025-01-29",
        "condition": "available",
        "last_modified_date": "2025-01-30"
    },
    {
        "date": "2025-01-30",
        "condition": "available",
        "last_modified_date": "2025-01-31"
    },
    {
        "date": "2025-01-31",
        "condition": "available",
        "last_modified_date": "2025-02-01"
    },
    {
        "date": "2025-02-02",
        "condition": "available",
        "last_modified_date": "2025-02-03"
    },
    {
        "date": "2025-02-03",
        "condition": "available",
        "last_modified_date": "2025-02-04"
    },
    {
        "date": "2025-02-04",
        "condition": "available",
        "last_modified_date": "2025-02-05"
    },
    {
        "date": "2025-02-05",
        "condition": "available",
        "last_modified_date": "2025-02-06"
    },
    {
        "date": "2025-02-06",
        "condition": "available",
        "last_modified_date": "2025-02-07"
    },
    {
        "date": "2025-02-07",
        "condition": "available",
        "last_modified_date": "2025-02-08"
    },
    {
        "date": "2025-02-09",
        "condition": "available",
        "last_modified_date": "2025-02-10"
    },
    {
        "date": "2025-02-10",
        "condition": "available",
        "last_modified_date": "2025-02-11"
    },
    {
        "date": "2025-02-11",
        "condition": "available",
        "last_modified_date": "2025-02-12"
    },
    {
        "date": "2025-02-12",
        "condition": "available",
        "last_modified_date": "2025-02-13"
    },
    {
        "date": "2025-02-13",
        "condition": "available",
        "last_modified_date": "2025-02-14"
    },
    {
        "date": "2025-02-14",
        "condition": "available",
        "last_modified_date": "2025-02-15"
    },
    {
        "date": "2025-02-16",
        "condition": "available",
        "last_modified_date": "2025-02-17"
    },
    {
        "date": "2025-02-17",
        "condition": "available",
        "last_modified_date": "2025-02-18"
    },
    {
        "date": "2025-02-18",
        "condition": "available",
        "last_modified_date": "2025-02-19"
    },
    {
        "date": "2025-02-19",
        "condition": "available",
        "last_modified_date": "2025-02-20"
    },
    {
        "date": "2025-02-20",
        "condition": "available",
        "last_modified_date": "2025-02-21"
    },
    {
        "date": "2025-02-21",
        "condition": "available",
        "last_modified_date": "2025-02-22"
    },
    {
        "date": "2025-02-23",
        "condition": "available",
        "last_modified_date": "2025-02-24"
    },
    {
        "date": "2025-02-24",
        "condition": "available",
        "last_modified_date": "2025-02-25"
    },
    {
        "date": "2025-02-25",
        "condition": "available",
        "last_modified_date": "2025-02-26"
    },
    {
        "date": "2025-02-26",
        "condition": "available",
        "last_modified_date": "2025-02-27"
    },
    {
        "date": "2025-02-27",
        "condition": "available",
        "last_modified_date": "2025-02-28"
    },
    {
        "date": "2025-02-28",
        "condition": "available",
        "last_modified_date": "2025-03-01"
    },
    {
        "date": "2025-03-02",
        "condition": "available",
        "last_modified_date": "2025-03-03"
    },
    {
        "date": "2025-03-03",
        "condition": "available",
        "last_modified_date": "2025-03-06"
    },
    {
        "date": "2025-03-04",
        "condition": "available",
        "last_modified_date": "2025-03-06"
    },
    {
        "date": "2025-03-05",
        "condition": "available",
        "last_modified_date": "2025-03-07"
    },
    {
        "date": "2025-03-06",
        "condition": "available",
        "last_modified_date": "2025-03-07"
    },
    {
        "date": "2025-03-07",
        "condition": "available",
        "last_modified_date": "2025-03-08"
    },
    {
        "date": "2025-03-09",
        "condition": "available",
        "last_modified_date": "2025-03-10"
    },
    {
        "date": "2025-03-10",
        "condition": "available",
        "last_modified_date": "2025-03-11"
    },
    {
        "date": "2025-03-11",
        "condition": "available",
        "last_modified_date": "2025-03-12"
    },
    {
        "date": "2025-03-12",
        "condition": "available",
        "last_modified_date": "2025-03-13"
    },
    {
        "date": "2025-03-13",
        "condition": "available",
        "last_modified_date": "2025-03-14"
    },
    {
        "date": "2025-03-14",
        "condition": "available",
        "last_modified_date": "2025-03-15"
    },
    {
        "date": "2025-03-16",
        "condition": "available",
        "last_modified_date": "2025-03-17"
    },
    {
        "date": "2025-03-17",
        "condition": "available",
        "last_modified_date": "2025-03-18"
    },
    {
        "date": "2025-03-18",
        "condition": "available",
        "last_modified_date": "2025-03-19"
    },
    {
        "date": "2025-03-19",
        "condition": "available",
        "last_modified_date": "2025-03-20"
    },
    {
        "date": "2025-03-20",
        "condition": "available",
        "last_modified_date": "2025-03-21"
    },
    {
        "date": "2025-03-21",
        "condition": "available",
        "last_modified_date": "2025-03-22"
    },
    {
        "date": "2025-03-23",
        "condition": "available",
        "last_modified_date": "2025-03-24"
    },
    {
        "date": "2025-03-24",
        "condition": "available",
        "last_modified_date": "2025-03-25"
    },
    {
        "date": "2025-03-25",
        "condition": "available",
        "last_modified_date": "2025-03-26"
    },
    {
        "date": "2025-03-26",
        "condition": "available",
        "last_modified_date": "2025-03-27"
    },
    {
        "date": "2025-03-27",
        "condition": "available",
        "last_modified_date": "2025-03-28"
    },
    {
        "date": "2025-03-28",
        "condition": "available",
        "last_modified_date": "2025-03-29"
    },
    {
        "date": "2025-03-30",
        "condition": "available",
        "last_modified_date": "2025-03-31"
    },
    {
        "date": "2025-03-31",
        "condition": "available",
        "last_modified_date": "2025-04-01"
    },
    {
        "date": "2025-04-01",
        "condition": "available",
        "last_modified_date": "2025-04-02"
    },
    {
        "date": "2025-04-02",
        "condition": "available",
        "last_modified_date": "2025-04-03"
    },
    {
        "date": "2025-04-03",
        "condition": "available",
        "last_modified_date": "2025-04-04"
    },
    {
        "date": "2025-04-04",
        "condition": "available",
        "last_modified_date": "2025-04-06"
    },
    {
        "date": "2025-04-06",
        "condition": "available",
        "last_modified_date": "2025-04-07"
    },
    {
        "date": "2025-04-07",
        "condition": "available",
        "last_modified_date": "2025-04-09"
    },
    {
        "date": "2025-04-08",
        "condition": "available",
        "last_modified_date": "2025-04-10"
    },
    {
        "date": "2025-04-09",
        "condition": "available",
        "last_modified_date": "2025-04-11"
    },
    {
        "date": "2025-04-10",
        "condition": "available",
        "last_modified_date": "2025-04-12"
    },
    {
        "date": "2025-04-11",
        "condition": "available",
        "last_modified_date": "2025-04-13"
    },
    {
        "date": "2025-04-13",
        "condition": "available",
        "last_modified_date": "2025-04-14"
    },
    {
        "date": "2025-04-14",
        "condition": "available",
        "last_modified_date": "2025-04-15"
    },
    {
        "date": "2025-04-15",
        "condition": "available",
        "last_modified_date": "2025-04-16"
    },
    {
        "date": "2025-04-16",
        "condition": "available",
        "last_modified_date": "2025-04-17"
    },
    {
        "date": "2025-04-17",
        "condition": "available",
        "last_modified_date": "2025-04-18"
    },
    {
        "date": "2025-04-18",
        "condition": "available",
        "last_modified_date": "2025-04-19"
    },
    {
        "date": "2025-04-20",
        "condition": "available",
        "last_modified_date": "2025-04-21"
    },
    {
        "date": "2025-04-21",
        "condition": "available",
        "last_modified_date": "2025-04-22"
    },
    {
        "date": "2025-04-22",
        "condition": "available",
        "last_modified_date": "2025-04-23"
    },
    {
        "date": "2025-04-23",
        "condition": "available",
        "last_modified_date": "2025-04-24"
    },
    {
        "date": "2025-04-24",
        "condition": "available",
        "last_modified_date": "2025-04-25"
    },
    {
        "date": "2025-04-25",
        "condition": "available",
        "last_modified_date": "2025-04-26"
    },
    {
        "date": "2025-04-27",
        "condition": "available",
        "last_modified_date": "2025-04-28"
    },
    {
        "date": "2025-04-28",
        "condition": "available",
        "last_modified_date": "2025-04-29"
    },
    {
        "date": "2025-04-29",
        "condition": "available",
        "last_modified_date": "2025-04-30"
    },
    {
        "date": "2025-04-30",
        "condition": "available",
        "last_modified_date": "2025-05-01"
    },
    {
        "date": "2025-05-01",
        "condition": "available",
        "last_modified_date": "2025-05-02"
    },
    {
        "date": "2025-05-02",
        "condition": "available",
        "last_modified_date": "2025-05-04"
    },
    {
        "date": "2025-05-04",
        "condition": "available",
        "last_modified_date": "2025-05-05"
    },
    {
        "date": "2025-05-05",
        "condition": "available",
        "last_modified_date": "2025-05-06"
    },
    {
        "date": "2025-05-06",
        "condition": "available",
        "last_modified_date": "2025-05-07"
    },
    {
        "date": "2025-05-07",
        "condition": "available",
        "last_modified_date": "2025-05-08"
    },
    {
        "date": "2025-05-08",
        "condition": "available",
        "last_modified_date": "2025-05-09"
    },
    {
        "date": "2025-05-09",
        "condition": "available",
        "last_modified_date": "2025-05-10"
    },
    {
        "date": "2025-05-11",
        "condition": "available",
        "last_modified_date": "2025-05-12"
    },
    {
        "date": "2025-05-12",
        "condition": "available",
        "last_modified_date": "2025-05-13"
    },
    {
        "date": "2025-05-13",
        "condition": "available",
        "last_modified_date": "2025-05-14"
    },
    {
        "date": "2025-05-14",
        "condition": "available",
        "last_modified_date": "2025-05-15"
    },
    {
        "date": "2025-05-15",
        "condition": "available",
        "last_modified_date": "2025-05-16"
    },
    {
        "date": "2025-05-16",
        "condition": "available",
        "last_modified_date": "2025-05-17"
    },
    {
        "date": "2025-05-18",
        "condition": "available",
        "last_modified_date": "2025-05-19"
    },
    {
        "date": "2025-05-19",
        "condition": "available",
        "last_modified_date": "2025-05-20"
    },
    {
        "date": "2025-05-20",
        "condition": "available",
        "last_modified_date": "2025-05-21"
    },
    {
        "date": "2025-05-21",
        "condition": "available",
        "last_modified_date": "2025-05-22"
    },
    {
        "date": "2025-05-22",
        "condition": "available",
        "last_modified_date": "2025-05-23"
    },
    {
        "date": "2025-05-23",
        "condition": "available",
        "last_modified_date": "2025-05-24"
    },
    {
        "date": "2025-05-25",
        "condition": "available",
        "last_modified_date": "2025-05-26"
    },
    {
        "date": "2025-05-26",
        "condition": "available",
        "last_modified_date": "2025-05-27"
    },
    {
        "date": "2025-05-27",
        "condition": "available",
        "last_modified_date": "2025-05-28"
    },
    {
        "date": "2025-05-28",
        "condition": "available",
        "last_modified_date": "2025-05-29"
    },
    {
        "date": "2025-05-29",
        "condition": "available",
        "last_modified_date": "2025-05-30"
    },
    {
        "date": "2025-05-30",
        "condition": "available",
        "last_modified_date": "2025-05-31"
    },
    {
        "date": "2025-06-01",
        "condition": "available",
        "last_modified_date": "2025-06-02"
    },
    {
        "date": "2025-06-02",
        "condition": "available",
        "last_modified_date": "2025-06-03"
    },
    {
        "date": "2025-06-03",
        "condition": "available",
        "last_modified_date": "2025-06-04"
    },
    {
        "date": "2025-06-04",
        "condition": "available",
        "last_modified_date": "2025-06-05"
    },
    {
        "date": "2025-06-05",
        "condition": "available",
        "last_modified_date": "2025-06-06"
    },
    {
        "date": "2025-06-06",
        "condition": "available",
        "last_modified_date": "2025-06-07"
    },
    {
        "date": "2025-06-08",
        "condition": "available",
        "last_modified_date": "2025-06-09"
    },
    {
        "date": "2025-06-09",
        "condition": "available",
        "last_modified_date": "2025-06-10"
    },
    {
        "date": "2025-06-10",
        "condition": "available",
        "last_modified_date": "2025-06-11"
    },
    {
        "date": "2025-06-11",
        "condition": "available",
        "last_modified_date": "2025-06-13"
    },
    {
        "date": "2025-06-12",
        "condition": "available",
        "last_modified_date": "2025-06-14"
    },
    {
        "date": "2025-06-13",
        "condition": "available",
        "last_modified_date": "2025-06-15"
    },
    {
        "date": "2025-06-15",
        "condition": "available",
        "last_modified_date": "2025-06-16"
    },
    {
        "date": "2025-06-16",
        "condition": "available",
        "last_modified_date": "2025-06-17"
    },
    {
        "date": "2025-06-17",
        "condition": "available",
        "last_modified_date": "2025-06-18"
    },
    {
        "date": "2025-06-18",
        "condition": "available",
        "last_modified_date": "2025-06-19"
    },
    {
        "date": "2025-06-19",
        "condition": "available",
        "last_modified_date": "2025-06-20"
    },
    {
        "date": "2025-06-20",
        "condition": "available",
        "last_modified_date": "2025-06-21"
    },
    {
        "date": "2025-06-22",
        "condition": "available",
        "last_modified_date": "2025-06-23"
    },
    {
        "date": "2025-06-23",
        "condition": "available",
        "last_modified_date": "2025-06-24"
    },
    {
        "date": "2025-06-24",
        "condition": "available",
        "last_modified_date": "2025-06-25"
    },
    {
        "date": "2025-06-25",
        "condition": "available",
        "last_modified_date": "2025-06-26"
    },
    {
        "date": "2025-06-26",
        "condition": "available",
        "last_modified_date": "2025-06-27"
    },
    {
        "date": "2025-06-27",
        "condition": "available",
        "last_modified_date": "2025-06-28"
    },
    {
        "date": "2025-06-29",
        "condition": "available",
        "last_modified_date": "2025-06-30"
    },
    {
        "date": "2025-06-30",
        "condition": "available",
        "last_modified_date": "2025-07-01"
    },
    {
        "date": "2025-07-01",
        "condition": "available",
        "last_modified_date": "2025-07-02"
    },
    {
        "date": "2025-07-02",
        "condition": "available",
        "last_modified_date": "2025-07-03"
    },
    {
        "date": "2025-07-03",
        "condition": "available",
        "last_modified_date": "2025-07-04"
    },
    {
        "date": "2025-07-04",
        "condition": "available",
        "last_modified_date": "2025-07-05"
    },
    {
        "date": "2025-07-06",
        "condition": "available",
        "last_modified_date": "2025-07-07"
    },
    {
        "date": "2025-07-07",
        "condition": "available",
        "last_modified_date": "2025-07-08"
    },
    {
        "date": "2025-07-08",
        "condition": "available",
        "last_modified_date": "2025-07-09"
    },
    {
        "date": "2025-07-09",
        "condition": "available",
        "last_modified_date": "2025-07-10"
    },
    {
        "date": "2025-07-10",
        "condition": "available",
        "last_modified_date": "2025-07-11"
    },
    {
        "date": "2025-07-11",
        "condition": "available",
        "last_modified_date": "2025-07-12"
    },
    {
        "date": "2025-07-13",
        "condition": "available",
        "last_modified_date": "2025-07-14"
    },
    {
        "date": "2025-07-14",
        "condition": "available",
        "last_modified_date": "2025-07-15"
    },
    {
        "date": "2025-07-15",
        "condition": "available",
        "last_modified_date": "2025-07-16"
    },
    {
        "date": "2025-07-16",
        "condition": "available",
        "last_modified_date": "2025-07-17"
    },
    {
        "date": "2025-07-17",
        "condition": "available",
        "last_modified_date": "2025-07-18"
    },
    {
        "date": "2025-07-18",
        "condition": "available",
        "last_modified_date": "2025-07-19"
    },
    {
        "date": "2025-07-20",
        "condition": "available",
        "last_modified_date": "2025-07-21"
    },
    {
        "date": "2025-07-21",
        "condition": "available",
        "last_modified_date": "2025-07-22"
    },
    {
        "date": "2025-07-22",
        "condition": "available",
        "last_modified_date": "2025-07-23"
    },
    {
        "date": "2025-07-23",
        "condition": "available",
        "last_modified_date": "2025-07-24"
    },
    {
        "date": "2025-07-24",
        "condition": "available",
        "last_modified_date": "2025-07-25"
    },
    {
        "date": "2025-07-25",
        "condition": "available",
        "last_modified_date": "2025-07-26"
    },
    {
        "date": "2025-07-27",
        "condition": "available",
        "last_modified_date": "2025-07-28"
    },
    {
        "date": "2025-07-28",
        "condition": "available",
        "last_modified_date": "2025-07-29"
    },
    {
        "date": "2025-07-29",
        "condition": "available",
        "last_modified_date": "2025-07-30"
    },
    {
        "date": "2025-07-30",
        "condition": "available",
        "last_modified_date": "2025-07-31"
    },
    {
        "date": "2025-07-31",
        "condition": "available",
        "last_modified_date": "2025-08-01"
    },
    {
        "date": "2025-08-01",
        "condition": "available",
        "last_modified_date": "2025-08-02"
    },
    {
        "date": "2025-08-03",
        "condition": "available",
        "last_modified_date": "2025-08-04"
    },
    {
        "date": "2025-08-04",
        "condition": "available",
        "last_modified_date": "2025-08-05"
    },
    {
        "date": "2025-08-05",
        "condition": "available",
        "last_modified_date": "2025-08-06"
    },
    {
        "date": "2025-08-06",
        "condition": "available",
        "last_modified_date": "2025-08-07"
    },
    {
        "date": "2025-08-07",
        "condition": "available",
        "last_modified_date": "2025-08-08"
    },
    {
        "date": "2025-08-08",
        "condition": "available",
        "last_modified_date": "2025-08-09"
    },
    {
        "date": "2025-08-10",
        "condition": "available",
        "last_modified_date": "2025-08-11"
    },
    {
        "date": "2025-08-11",
        "condition": "available",
        "last_modified_date": "2025-08-12"
    },
    {
        "date": "2025-08-12",
        "condition": "available",
        "last_modified_date": "2025-08-13"
    },
    {
        "date": "2025-08-13",
        "condition": "available",
        "last_modified_date": "2025-08-14"
    },
    {
        "date": "2025-08-14",
        "condition": "available",
        "last_modified_date": "2025-08-15"
    },
    {
        "date": "2025-08-15",
        "condition": "available",
        "last_modified_date": "2025-08-16"
    },
    {
        "date": "2025-08-17",
        "condition": "available",
        "last_modified_date": "2025-08-18"
    },
    {
        "date": "2025-08-18",
        "condition": "available",
        "last_modified_date": "2025-08-19"
    },
    {
        "date": "2025-08-19",
        "condition": "available",
        "last_modified_date": "2025-08-20"
    },
    {
        "date": "2025-08-20",
        "condition": "available",
        "last_modified_date": "2025-08-21"
    },
    {
        "date": "2025-08-21",
        "condition": "available",
        "last_modified_date": "2025-08-22"
    },
    {
        "date": "2025-08-22",
        "condition": "available",
        "last_modified_date": "2025-08-23"
    },
    {
        "date": "2025-08-24",
        "condition": "available",
        "last_modified_date": "2025-08-25"
    },
    {
        "date": "2025-08-25",
        "condition": "available",
        "last_modified_date": "2025-08-26"
    },
    {
        "date": "2025-08-26",
        "condition": "available",
        "last_modified_date": "2025-08-27"
    },
    {
        "date": "2025-08-27",
        "condition": "available",
        "last_modified_date": "2025-08-28"
    },
    {
        "date": "2025-08-28",
        "condition": "available",
        "last_modified_date": "2025-08-29"
    }
]