{
    "result": {
        "ESU0": [
            {
                "d0": "2025-06-08",
                "d1": "2025-08-29",
                "s": "42004613"
            }
        ],
        "ESM9": [
            {
                "d0": "2024-08-29",
                "d1": "2025-08-29",
                "s": "42005050"
            }
        ],
        "ESH5-ESZ5": [
            {
                "d0": "2024-08-29",
                "d1": "2025-03-30",
                "s": "42032228"
            }
        ],
        "ESU5-ESH6": [
            {
                "d0": "2024-08-29",
                "d1": "2025-08-29",
                "s": "42029473"
            }
        ],
        "ESM5-ESM6": [
            {
                "d0": "2024-12-08",
                "d1": "2025-06-29",
                "s": "42013890"
            }
        ],
        "NQU5-NQU6": [
            {
                "d0": "2025-06-08",
                "d1": "2025-08-29",
                "s": "42010220"
            }
        ],
        "NQH5-NQU5": [
            {
                "d0": "2024-08-29",
                "d1": "2025-03-30",
                "s": "42006418"
            }
        ],
        "ESM0": [
            {
                "d0": "2025-03-09",
                "d1": "2025-08-29",
                "s": "42004092"
            }
        ],
        "ESM7": [
            {
                "d0": "2024-08-29",
                "d1": "2025-08-29",
                "s": "42140856"
            }
        ],
        "NQU4": [
            {
                "d0": "2024-08-29",
                "d1": "2025-08-29",
                "s": "4358"
            }
        ],
        "ESH9": [
            {
                "d0": "2024-08-29",
                "d1": "2025-08-29",
                "s": "42002687"
            }
        ],
        "ESZ6": [
            {
                "d0": "2024-08-29",
                "d1": "2025-08-29",
                "s": "10252"
            }
        ],
        "ESM7-ESU7": [
            {
                "d0": "2025-06-08",
                "d1": "2025-08-29",
                "s": "42016712"
            }
        ],
        "ESH5-ESM5": [
            {
                "d0": "2024-08-29",
                "d1": "2025-08-29",
                "s": "18812"
            }
        ],
        "NQM6-NQU6": [
            {
                "d0": "2025-06-08",
                "d1": "2025-08-29",
                "s": "42012025"
            }
        ],
        "NQU5": [
            {
                "d0": "2024-08-29",
                "d1": "2025-08-29",
                "s": "42008487"
            }
        ],
        "ESZ5-ESH6": [
            {
                "d0": "2024-08-29",
                "d1": "2025-08-29",
                "s": "42007065"
            }
        ],
        "NQM5-NQH6": [
            {
                "d0": "2024-12-08",
                "d1": "2025-06-29",
                "s": "42006097"
            }
        ],
        "NQZ4-NQH5": [
            {
                "d0": "2024-08-29",
                "d1": "2024-12-29",
                "s": "42029580"
            }
        ],
        "NQZ5-NQU6": [
            {
                "d0": "2025-06-08",
                "d1": "2025-08-29",
                "s": "42012003"
            }
        ],
        "ESU7": [
            {
                "d0": "2024-08-29",
                "d1": "2025-08-29",
                "s": "42140874"
            }
        ],
        "ESH6-ESM6": [
            {
                "d0": "2024-08-29",
                "d1": "2025-08-29",
                "s": "42018017"
            }
        ],
        "ESM5": [
            {
                "d0": "2024-08-29",
                "d1": "2025-08-29",
                "s": "4916"
            }
        ],
        "NQZ8": [
            {
                "d0": "2024-08-29",
                "d1": "2025-08-29",
                "s": "42030720"
            }
        ],
        "ESH7-ESM7": [
            {
                "d0": "2025-03-09",
                "d1": "2025-08-29",
                "s": "42018261"
            }
        ],
        "ESU6-ESH7": [
            {
                "d0": "2025-03-09",
                "d1": "2025-08-29",
                "s": "42007174"
            }
        ],
        "ESU4-ESM5": [
            {
                "d0": "2024-08-29",
                "d1": "2024-09-29",
                "s": "42035970"
            }
        ],
        "NQU4-NQZ4": [
            {
                "d0": "2024-08-29",
                "d1": "2024-09-29",
                "s": "42036224"
            }
        ],
        "ESU8": [
            {
                "d0": "2024-08-29",
                "d1": "2025-08-29",
                "s": "42140861"
            }
        ],
        "NQM5-NQZ5": [
            {
                "d0": "2024-09-08",
                "d1": "2025-06-29",
                "s": "42005291"
            }
        ],
        "ESZ9": [
            {
                "d0": "2024-09-08",
                "d1": "2025-08-29",
                "s": "42004134"
            }
        ],
        "ESM6-ESU6": [
            {
                "d0": "2024-08-29",
                "d1": "2025-08-29",
                "s": "42004810"
            }
        ],
        "NQH5-NQZ5": [
            {
                "d0": "2024-09-08",
                "d1": "2025-03-30",
                "s": "42007724"
            }
        ],
        "ESU5": [
            {
                "d0": "2024-08-29",
                "d1": "2025-08-29",
                "s": "14160"
            }
        ],
        "ESU5-ESZ5": [
            {
                "d0": "2024-08-29",
                "d1": "2025-08-29",
                "s": "42034333"
            }
        ],
        "NQH5-NQM5": [
            {
                "d0": "2024-08-29",
                "d1": "2025-03-30",
                "s": "42028228"
            }
        ],
        "ESM5-ESZ5": [
            {
                "d0": "2024-08-29",
                "d1": "2025-06-29",
                "s": "42027494"
            }
        ],
        "ESZ7": [
            {
                "d0": "2024-08-29",
                "d1": "2025-08-29",
                "s": "17740"
            }
        ],
        "ESU5-ESU6": [
            {
                "d0": "2025-03-09",
                "d1": "2025-08-29",
                "s": "42011638"
            }
        ],
        "ESZ6-ESM7": [
            {
                "d0": "2025-06-08",
                "d1": "2025-08-29",
                "s": "42006493"
            }
        ],
        "ESH6": [
            {
                "d0": "2024-08-29",
                "d1": "2025-08-29",
                "s": "42140878"
            }
        ],
        "ESH6-ESZ6": [
            {
                "d0": "2025-03-09",
                "d1": "2025-08-29",
                "s": "42018129"
            }
        ],
        "ESZ4-ESM5": [
            {
                "d0": "2024-08-29",
                "d1": "2025-08-29",
                "s": "8232"
            }
        ],
        "ESU4-ESZ4": [
            {
                "d0": "2024-08-29",
                "d1": "2025-08-29",
                "s": "46995"
            }
        ],
        "ESU6-ESZ6": [
            {
                "d0": "2024-09-08",
                "d1": "2025-08-29",
                "s": "42006263"
            }
        ],
        "NQZ4-NQZ5": [
            {
                "d0": "2024-09-08",
                "d1": "2024-12-29",
                "s": "42005979"
            }
        ],
        "ESZ4-ESU5": [
            {
                "d0": "2024-08-29",
                "d1": "2024-12-29",
                "s": "42010823"
            }
        ],
        "NQZ5-NQM6": [
            {
                "d0": "2025-03-09",
                "d1": "2025-08-29",
                "s": "42014438"
            }
        ],
        "ESZ5": [
            {
                "d0": "2024-08-29",
                "d1": "2025-08-29",
                "s": "294973"
            }
        ],
        "NQZ5": [
            {
                "d0": "2024-08-29",
                "d1": "2025-08-29",
                "s": "158704"
            }
        ],
        "NQM5-NQM6": [
            {
                "d0": "2025-03-09",
                "d1": "2025-06-29",
                "s": "42017745"
            }
        ],
        "NQU4-NQH5": [
            {
                "d0": "2024-08-29",
                "d1": "2024-09-29",
                "s": "42031058"
            }
        ],
        "ESH5-ESH6": [
            {
                "d0": "2024-09-08",
                "d1": "2025-03-30",
                "s": "42005514"
            }
        ],
        "NQH6-NQM6": [
            {
                "d0": "2025-03-09",
                "d1": "2025-08-29",
                "s": "42014562"
            }
        ],
        "ESH6-ESU6": [
            {
                "d0": "2024-09-08",
                "d1": "2025-08-29",
                "s": "42004904"
            }
        ],
        "ESU4-ESH5": [
            {
                "d0": "2024-08-29",
                "d1": "2025-08-29",
                "s": "18404"
            }
        ],
        "NQZ7": [
            {
                "d0": "2024-08-29",
                "d1": "2025-08-29",
                "s": "23041"
            }
        ],
        "NQU6": [
            {
                "d0": "2025-03-09",
                "d1": "2025-08-29",
                "s": "42004177"
            }
        ],
        "ESZ5-ESU6": [
            {
                "d0": "2024-12-08",
                "d1": "2025-08-29",
                "s": "42016422"
            }
        ],
        "ESM8": [
            {
                "d0": "2024-08-29",
                "d1": "2025-08-29",
                "s": "42140863"
            }
        ],
        "NQU5-NQH6": [
            {
                "d0": "2024-12-08",
                "d1": "2025-08-29",
                "s": "42019267"
            }
        ],
        "NQZ4-NQU5": [
            {
                "d0": "2024-08-29",
                "d1": "2024-12-29",
                "s": "42004691"
            }
        ],
        "ESM6-ESZ6": [
            {
                "d0": "2024-12-08",
                "d1": "2025-08-29",
                "s": "42005583"
            }
        ],
        "NQU5-NQM6": [
            {
                "d0": "2025-03-09",
                "d1": "2025-08-29",
                "s": "42017750"
            }
        ],
        "NQU5-NQZ5": [
            {
                "d0": "2024-09-08",
                "d1": "2025-08-29",
                "s": "42005997"
            }
        ],
        "ESZ4": [
            {
                "d0": "2024-08-29",
                "d1": "2025-08-29",
                "s": "183748"
            }
        ],
        "ESZ4-ESZ5": [
            {
                "d0": "2024-08-29",
                "d1": "2024-12-29",
                "s": "42004806"
            }
        ],
        "NQH6": [
            {
                "d0": "2024-09-08",
                "d1": "2025-08-29",
                "s": "42002475"
            }
        ],
        "ESU4-ESU5": [
            {
                "d0": "2024-08-29",
                "d1": "2024-09-29",
                "s": "42017776"
            }
        ],
        "ESM5-ESU5": [
            {
                "d0": "2024-08-29",
                "d1": "2025-08-29",
                "s": "6188"
            }
        ],
        "NQZ5-NQH6": [
            {
                "d0": "2024-12-08",
                "d1": "2025-08-29",
                "s": "42006122"
            }
        ],
        "NQZ0": [
            {
                "d0": "2025-06-08",
                "d1": "2025-08-29",
                "s": "42005663"
            }
        ],
        "NQU4-NQU5": [
            {
                "d0": "2024-08-29",
                "d1": "2024-09-29",
                "s": "42007509"
            }
        ],
        "ESH5": [
            {
                "d0": "2024-08-29",
                "d1": "2025-08-29",
                "s": "5002"
            }
        ],
        "ESZ6-ESH7": [
            {
                "d0": "2024-12-08",
                "d1": "2025-08-29",
                "s": "42008507"
            }
        ],
        "ESM5-ESH6": [
            {
                "d0": "2024-08-29",
                "d1": "2025-06-29",
                "s": "42005940"
            }
        ],
        "ESM6": [
            {
                "d0": "2024-08-29",
                "d1": "2025-08-29",
                "s": "42140864"
            }
        ],
        "ESM6-ESH7": [
            {
                "d0": "2025-06-08",
                "d1": "2025-08-29",
                "s": "42008149"
            }
        ],
        "NQH5-NQH6": [
            {
                "d0": "2024-12-08",
                "d1": "2025-03-30",
                "s": "42017606"
            }
        ],
        "ESU5-ESM6": [
            {
                "d0": "2024-09-08",
                "d1": "2025-08-29",
                "s": "42009923"
            }
        ],
        "ESZ5-ESZ6": [
            {
                "d0": "2025-06-08",
                "d1": "2025-08-29",
                "s": "42008091"
            }
        ],
        "NQU4-NQM5": [
            {
                "d0": "2024-08-29",
                "d1": "2024-09-29",
                "s": "42021115"
            }
        ],
        "ESH5-ESU5": [
            {
                "d0": "2024-08-29",
                "d1": "2025-03-30",
                "s": "42035063"
            }
        ],
        "NQM6": [
            {
                "d0": "2024-12-08",
                "d1": "2025-08-29",
                "s": "42004058"
            }
        ],
        "ESU6": [
            {
                "d0": "2024-08-29",
                "d1": "2025-08-29",
                "s": "42140870"
            }
        ],
        "NQZ4-NQM5": [
            {
                "d0": "2024-08-29",
                "d1": "2024-12-29",
                "s": "42036618"
            }
        ],
        "ESZ5-ESM6": [
            {
                "d0": "2024-08-29",
                "d1": "2025-08-29",
                "s": "42006622"
            }
        ],
        "ESU9": [
            {
                "d0": "2024-08-29",
                "d1": "2025-08-29",
                "s": "42000977"
            }
        ],
        "ESZ4-ESH5": [
            {
                "d0": "2024-08-29",
                "d1": "2025-08-29",
                "s": "13388"
            }
        ],
        "ESZ8": [
            {
                "d0": "2024-08-29",
                "d1": "2025-08-29",
                "s": "42033138"
            }
        ],
        "NQM5": [
            {
                "d0": "2024-08-29",
                "d1": "2025-06-29",
                "s": "42005804"
            }
        ],
        "NQZ6": [
            {
                "d0": "2024-08-29",
                "d1": "2025-08-29",
                "s": "261401"
            }
        ],
        "ESU4": [
            {
                "d0": "2024-08-29",
                "d1": "2025-08-29",
                "s": "118"
            }
        ],
        "NQH6-NQU6": [
            {
                "d0": "2025-06-08",
                "d1": "2025-08-29",
                "s": "42018378"
            }
        ],
        "ESH8": [
            {
                "d0": "2024-08-29",
                "d1": "2025-08-29",
                "s": "42140879"
            }
        ],
        "NQZ9": [
            {
                "d0": "2024-08-29",
                "d1": "2025-08-29",
                "s": "42001830"
            }
        ],
        "ESH0": [
            {
                "d0": "2024-12-08",
                "d1": "2025-08-29",
                "s": "42000746"
            }
        ],
        "ESH7": [
            {
                "d0": "2024-08-29",
                "d1": "2025-08-29",
                "s": "42140860"
            }
        ],
        "NQZ4": [
            {
                "d0": "2024-08-29",
                "d1": "2025-08-29",
                "s": "106364"
            }
        ],
        "NQH5": [
            {
                "d0": "2024-08-29",
                "d1": "2025-03-30",
                "s": "42288528"
            }
        ],
        "NQM5-NQU5": [
            {
                "d0": "2024-08-29",
                "d1": "2025-06-29",
                "s": "42009338"
            }
        ]
    },
    "symbols": [
        "ES.FUT",
        "NQ.FUT"
    ],
    "stype_in": "parent",
    "stype_out": "instrument_id",
    "start_date": "2024-08-29",
    "end_date": "2025-08-29",
    "partial": [
        "ESU0",
        "ESM5-ESM6",
        "NQU5-NQU6",
        "ESM0",
        "ESM7-ESU7",
        "NQM6-NQU6",
        "NQM5-NQH6",
        "NQZ5-NQU6",
        "ESH7-ESM7",
        "ESU6-ESH7",
        "NQM5-NQZ5",
        "ESZ9",
        "NQH5-NQZ5",
        "ESU5-ESU6",
        "ESZ6-ESM7",
        "ESH6-ESZ6",
        "ESU6-ESZ6",
        "NQZ4-NQZ5",
        "NQZ5-NQM6",
        "NQM5-NQM6",
        "ESH5-ESH6",
        "NQH6-NQM6",
        "ESH6-ESU6",
        "NQU6",
        "ESZ5-ESU6",
        "NQU5-NQH6",
        "ESM6-ESZ6",
        "NQU5-NQM6",
        "NQU5-NQZ5",
        "NQH6",
        "NQZ5-NQH6",
        "NQZ0",
        "ESZ6-ESH7",
        "ESM6-ESH7",
        "NQH5-NQH6",
        "ESU5-ESM6",
        "ESZ5-ESZ6",
        "NQM6",
        "NQH6-NQU6",
        "ESH0"
    ],
    "not_found": [],
    "message": "Partially resolved",
    "status": 1
}